{
	"info": {
		"_postman_id": "09b2142a-b287-404b-b0d0-bc57a99460db",
		"name": "dwes_tarde_tenistas",
		"schema": "https://schema.getpostman.com/json/collection/v2.1.0/collection.json",
		"_exporter_id": "25705879"
	},
	"item": [
		{
			"name": "Modificar Superficies",
			"request": {
				"method": "PUT",
				"header": [],
				"body": {
					"mode": "raw",
					"raw": "{\r\n    \"id\": 1,\r\n    \"nombre\": \"Cemento\"\r\n}",
					"options": {
						"raw": {
							"language": "json"
						}
					}
				},
				"url": {
					"raw": "http://localhost/Ejercicio_Evaluable_III_Jeronimo_Silva_Mulero/API_Tenista/superficies.php",
					"protocol": "http",
					"host": [
						"localhost"
					],
					"path": [
						"Ejercicio_Evaluable_III_Jeronimo_Silva_Mulero",
						"API_Tenista",
						"superficies.php"
					]
				}
			},
			"response": []
		},
		{
			"name": "Consultar Tenistas",
			"protocolProfileBehavior": {
				"disableBodyPruning": true
			},
			"request": {
				"method": "GET",
				"header": [],
				"body": {
					"mode": "raw",
					"raw": "",
					"options": {
						"raw": {
							"language": "json"
						}
					}
				},
				"url": {
					"raw": "http://localhost/Ejercicio_Evaluable_III_Jeronimo_Silva_Mulero/API_Tenista/tenistas.php?id=1",
					"protocol": "http",
					"host": [
						"localhost"
					],
					"path": [
						"Ejercicio_Evaluable_III_Jeronimo_Silva_Mulero",
						"API_Tenista",
						"tenistas.php"
					],
					"query": [
						{
							"key": "id",
							"value": "1"
						}
					]
				}
			},
			"response": []
		},
		{
			"name": "Borrar Tenistas",
			"request": {
				"method": "DELETE",
				"header": [],
				"body": {
					"mode": "raw",
					"raw": "{\r\n    \"id\": 22\r\n}",
					"options": {
						"raw": {
							"language": "json"
						}
					}
				},
				"url": {
					"raw": "http://localhost/Ejercicio_Evaluable_III_Jeronimo_Silva_Mulero/API_Tenista/tenistas.php",
					"protocol": "http",
					"host": [
						"localhost"
					],
					"path": [
						"Ejercicio_Evaluable_III_Jeronimo_Silva_Mulero",
						"API_Tenista",
						"tenistas.php"
					]
				}
			},
			"response": []
		},
		{
			"name": "Insertar Títulos De Un Tenista En Un Año",
			"request": {
				"method": "POST",
				"header": [],
				"body": {
					"mode": "raw",
					"raw": "{\r\n    \"anno\": 2023,\r\n    \"tenista_id\": 15,\r\n    \"torneo_id\": 2\r\n}",
					"options": {
						"raw": {
							"language": "json"
						}
					}
				},
				"url": {
					"raw": "http://localhost/Ejercicio_Evaluable_III_Jeronimo_Silva_Mulero/API_Tenista/titulos.php",
					"protocol": "http",
					"host": [
						"localhost"
					],
					"path": [
						"Ejercicio_Evaluable_III_Jeronimo_Silva_Mulero",
						"API_Tenista",
						"titulos.php"
					]
				}
			},
			"response": []
		}
	]
}