{
	"info": {
		"_postman_id": "1e2622d5-abf2-407c-8dcd-9b84c144d81b",
		"name": "Inscripciones Deportivas",
		"schema": "https://schema.getpostman.com/json/collection/v2.1.0/collection.json",
		"_exporter_id": "25400685"
	},
	"item": [
		{
			"name": "1 Todos los equipos",
			"request": {
				"method": "GET",
				"header": [],
				"url": {
					"raw": "http://localhost/API_Febrero_23/ejercicio/equipos.php",
					"protocol": "http",
					"host": [
						"localhost"
					],
					"path": [
						"API_Febrero_23",
						"ejercicio",
						"equipos.php"
					]
				}
			},
			"response": []
		},
		{
			"name": "2 Un equipo",
			"request": {
				"method": "GET",
				"header": [],
				"url": {
					"raw": "http://localhost/API_Febrero_23/ejercicio/equipos.php?id=4",
					"protocol": "http",
					"host": [
						"localhost"
					],
					"path": [
						"API_Febrero_23",
						"ejercicio",
						"equipos.php"
					],
					"query": [
						{
							"key": "id",
							"value": "4"
						}
					]
				}
			},
			"response": []
		},
		{
			"name": "3 Modificar equipo",
			"request": {
				"method": "PUT",
				"header": [],
				"body": {
					"mode": "raw",
					"raw": "{\r\n    \"id\":16,\r\n    \"nombre\":\"Rasputin\",\r\n    \"edad_minima\":9,\r\n    \"deporte_id\":3\r\n    \r\n}",
					"options": {
						"raw": {
							"language": "json"
						}
					}
				},
				"url": {
					"raw": "http://localhost/API_Febrero_23/ejercicio/equipos.php",
					"protocol": "http",
					"host": [
						"localhost"
					],
					"path": [
						"API_Febrero_23",
						"ejercicio",
						"equipos.php"
					]
				}
			},
			"response": []
		},
		{
			"name": "4 Alta Alumno",
			"request": {
				"method": "POST",
				"header": [],
				"body": {
					"mode": "raw",
					"raw": "{\r\n  \"equipo_id\": 1,\r\n  \"alumno_id\": 341\r\n \r\n}",
					"options": {
						"raw": {
							"language": "json"
						}
					}
				},
				"url": {
					"raw": "http://localhost/API_Febrero_23/ejercicio/equipos_alumnos.php",
					"protocol": "http",
					"host": [
						"localhost"
					],
					"path": [
						"API_Febrero_23",
						"ejercicio",
						"equipos_alumnos.php"
					]
				}
			},
			"response": []
		}
	]
}